# 8 MB flash, two OTA slots, the rest for images.
# Figures from `python3 tools/storage.py --board heltec-v3`: 3.8 MB usable
# after LittleFS overhead, which is roughly 470 images at 8 kB.
# Name,     Type, SubType, Offset,   Size,     Flags
nvs,        data, nvs,     0x9000,   0x6000,
otadata,    data, ota,     0xf000,   0x2000,
phy_init,   data, phy,     0x11000,  0x1000,
ota_0,      app,  ota_0,   0x20000,  0x200000,
ota_1,      app,  ota_1,   0x220000, 0x200000,
images,     data, spiffs,  0x420000, 0x3E0000,
